{
  "lang":"en",
  "name":"pipeline",
  "version":"0.0.0",
  "spacy_version":">=3.6.1,<3.7.0",
  "description":"",
  "author":"",
  "email":"",
  "url":"",
  "license":"",
  "spacy_git_version":"458bc5f45",
  "vectors":{
    "width":0,
    "vectors":0,
    "keys":0,
    "name":null,
    "mode":"default"
  },
  "labels":{
    "tok2vec":[

    ],
    "ner":[
      "ANAT",
      "CHED",
      "COMP",
      "DISO",
      "ENZY",
      "FUNC",
      "MEDICALCONDITION",
      "MEDICINE",
      "MRNA",
      "PATH",
      "PATHOGEN",
      "PRGE",
      "PROC",
      "SPEC"
    ]
  },
  "pipeline":[
    "tok2vec",
    "ner"
  ],
  "components":[
    "tok2vec",
    "ner"
  ],
  "disabled":[

  ],
  "performance":{
    "ents_f":0.4536627668,
    "ents_p":0.4655114275,
    "ents_r":0.4424023026,
    "ents_per_type":{
      "CHED":{
        "p":0.5029913083,
        "r":0.2617942542,
        "f":0.3443585781
      },
      "PROC":{
        "p":0.4310009718,
        "r":0.2480702539,
        "f":0.3148963363
      },
      "DISO":{
        "p":0.5613597294,
        "r":0.42537188,
        "f":0.4839951232
      },
      "SPEC":{
        "p":0.4831230122,
        "r":0.7104492924,
        "f":0.5751380136
      },
      "ANAT":{
        "p":0.4105343221,
        "r":0.6393789398,
        "f":0.5000165426
      },
      "COMP":{
        "p":0.3299441501,
        "r":0.4824625694,
        "f":0.3918867202
      },
      "PRGE":{
        "p":0.4770642202,
        "r":0.0156933756,
        "f":0.0303871439
      },
      "FUNC":{
        "p":0.3641482872,
        "r":0.2508891044,
        "f":0.2970903522
      },
      "PATH":{
        "p":0.4082644628,
        "r":0.4622582658,
        "f":0.4335868929
      },
      "ENZY":{
        "p":0.407191448,
        "r":0.2840677966,
        "f":0.3346645367
      },
      "MRNA":{
        "p":0.0,
        "r":0.0,
        "f":0.0
      },
      "MEDICINE":{
        "p":0.0,
        "r":0.0,
        "f":0.0
      },
      "MEDICALCONDITION":{
        "p":0.0,
        "r":0.0,
        "f":0.0
      },
      "PATHOGEN":{
        "p":0.0,
        "r":0.0,
        "f":0.0
      }
    },
    "tok2vec_loss":1441.1321764243,
    "ner_loss":16204.2280535516
  }
}